ProductId,Name,Category,SubCat
534,Canon ImageRUNNER ADVANCE 4235 Multi-Function B&W Copier/Printer,"Copiers, Printers",
535,NEW Xerox AltaLink C8035 Multi-Function Color Copier/Printer (Meter: 250),"Copiers, Printers",
536,Used Canon imageRUNNER ADVANCE C5550i Multi-Function Color Copier/Printer,"Copiers, Printers",
298,Xerox 013R00668 (13R668),"Copiers, Printers ",Drums
533,Canon ImageRUNNER ADVANCE 4225 Multi-Function B&W Copier/Printer,"Copiers, Printers, Scanners",
602,Genuine Xerox 013R00657 (13R657) Black Drum Unit,Copiers,Drums
603,Genuine Xerox 013R00658 (13R00658) Yellow Drum Unit,Copiers,Drums
604,"Genuine Xerox 013R00659 (13R00659) Magenta Drum Unit 7120,7125,7220",Copiers,Drums
605,Genuine Xerox 013R00660 (13R00660) Cyan Drum Unit,Copiers,Drums
437,HP Color LaserJet Enterprise M577,"Copiers, Printers, Scanners",
439,HP LaserJet 9050,"Copiers, Printers, Scanners",
440,HP LaserJet Enterprise Flow M630,"Copiers, Printers, Scanners",
441,HP LaserJet Enterprise MFP M527,"Copiers, Printers, Scanners",
442,HP PageWide Pro MFP 772dw,"Copiers, Printers, Scanners",
443,Konica Minolta Bizhub 287,"Copiers, Printers, Scanners",
444,Konica Minolta BizHub 4750,"Copiers, Printers, Scanners",
445,Konica Minolta bizhub C1070,"Copiers, Printers, Scanners",
446,Konica Minolta bizhub C284,"Copiers, Printers, Scanners",
447,Konica Minolta bizhub C3850,"Copiers, Printers, Scanners",
448,Konica Minolta bizhub C454,"Copiers, Printers, Scanners",
449,Konica Minolta Bizhub C458,"Copiers, Printers, Scanners",
450,Konica Minolta Bizhub C554e,"Copiers, Printers, Scanners",
451,Konica Minolta C754,"Copiers, Printers, Scanners",
452,Lexmark XM1145,"Copiers, Printers, Scanners",
453,Lexmark XM5163,"Copiers, Printers, Scanners",
454,Lexmark XM7155,"Copiers, Printers, Scanners",
616,"New Xerox Black Drum Unit, 013R00624",Ink & Toner,Copier Drums
606,Original Xerox WorkCentre 7120 Set 013R00657 013R00658 013R00659 013R00660 Black Cyan Magenta Yellow Drum Cartridge 4-Pack,Ink & Toner,Copier Drums
455,Ricoh 4054,"Copiers, Printers, Scanners",
456,Ricoh MP C3003,"Copiers, Printers, Scanners",
457,Ricoh MP C4503,"Copiers, Printers, Scanners",
461,Sharp MX-M464,"Copiers, Printers, Scanners",
224,Xerox 001R00608 (1R608),Ink & Toner,Copier Drums
280,Xerox 008R13041 (8R13041),Ink & Toner,Scanner Parts
282,Xerox 008R13062 (8R13062),Ink & Toner,Scanner Parts
284,Xerox 008R13085 (8R13085),Ink & Toner,Scanner Parts
615,Xerox 013R00588 13R588 Drum Unit,Ink & Toner,Copier Drums
285,Xerox 013R00591 (13R591),Ink & Toner,Copier Drums
286,Xerox 013R00602 (13R602),Ink & Toner,Copier Drums
287,Xerox 013R00603 (13R603),Ink & Toner,Copier Drums
293,Xerox 013R00647 (13R647),Ink & Toner,Copier Drums
295,Xerox 013R00662 (13R662),Ink & Toner,Copier Drums
296,Xerox 013R00663 (13R663),Ink & Toner,Copier Drums
297,Xerox 013R00664 (13R664),Ink & Toner,Copier Drums
299,Xerox 013R00672 (13R672),Ink & Toner,Copier Drums
300,Xerox 059K33390 (59K33390),Ink & Toner,Scanner Parts
320,Xerox 109R00752 (109R752),Ink & Toner,Scanner Parts
321,Xerox 109R00773 (109R773),Ink & Toner,Scanner Parts
322,Xerox 113R00672 (113R672),Ink & Toner,Copier Drums
323,Xerox 113R00674 (113R674),Ink & Toner,Copier Drums
464,Xerox 700 Digital Color Press,"Copiers, Printers, Scanners",
465,Xerox AltaLink B8045,"Copiers, Printers, Scanners",
466,Xerox AltaLink B8065,"Copiers, Printers, Scanners",
467,Xerox AltaLink B8075,"Copiers, Printers, Scanners",
468,Xerox AltaLink B8090,"Copiers, Printers, Scanners",
469,Xerox Altalink C8030,"Copiers, Printers, Scanners",
470,Xerox AltaLink C8035,"Copiers, Printers, Scanners",
471,Xerox AltaLink C8045,"Copiers, Printers, Scanners",
472,Xerox AltaLink C8055,"Copiers, Printers, Scanners",
473,Xerox AltaLink C8070,"Copiers, Printers, Scanners",
474,Xerox Color 550,"Copiers, Printers, Scanners",
475,Xerox Color 560,"Copiers, Printers, Scanners",
476,Xerox Color 570,"Copiers, Printers, Scanners",
477,Xerox Color C60,"Copiers, Printers, Scanners",
478,Xerox Color C70,"Copiers, Printers, Scanners",
479,Xerox Color C75,"Copiers, Printers, Scanners",
480,Xerox Color J75,"Copiers, Printers, Scanners",
481,Xerox D110,"Copiers, Printers, Scanners",
482,Xerox D95,"Copiers, Printers, Scanners",
483,Xerox DocuMate 4790,"Copiers, Printers, Scanners",
488,Xerox Phaser 3635,"Copiers, Printers, Scanners",
494,Xerox VersaLink B405,"Copiers, Printers, Scanners",
495,Xerox VersaLink B7025,"Copiers, Printers, Scanners",
496,Xerox VersaLink B7030,"Copiers, Printers, Scanners",
497,Xerox VersaLink B7035,"Copiers, Printers, Scanners",
498,Xerox VersaLink C7025,"Copiers, Printers, Scanners",
499,Xerox VersaLink C7030,"Copiers, Printers, Scanners",
500,Xerox Versant 180,"Copiers, Printers, Scanners",
503,Xerox WorkCentre 3615,"Copiers, Printers, Scanners",
336,Xerox Workcentre 3655,"Copiers, Printers, Scanners",
505,Xerox WorkCentre 4265,"Copiers, Printers, Scanners",
506,Xerox WorkCentre 5325,"Copiers, Printers, Scanners",
507,Xerox WorkCentre 5330,"Copiers, Printers, Scanners",
508,Xerox WorkCentre 5335,"Copiers, Printers, Scanners",
509,Xerox WorkCentre 5845,"Copiers, Printers, Scanners",
510,Xerox WorkCentre 5855,"Copiers, Printers, Scanners",
511,Xerox WorkCentre 5875,"Copiers, Printers, Scanners",
512,Xerox WorkCentre 5945,"Copiers, Printers, Scanners",
513,Xerox WorkCentre 5955,"Copiers, Printers, Scanners",
514,Xerox WorkCentre 6505,"Copiers, Printers, Scanners",
515,Xerox WorkCentre 6655,"Copiers, Printers, Scanners",
516,Xerox WorkCentre 7220,"Copiers, Printers, Scanners",
517,Xerox WorkCentre 7220 (No Postscript),"Copiers, Printers, Scanners",
518,Xerox WorkCentre 7225,"Copiers, Printers, Scanners",
519,Xerox WorkCentre 7525,"Copiers, Printers, Scanners",
520,Xerox WorkCentre 7530,"Copiers, Printers, Scanners",
521,Xerox WorkCentre 7535,"Copiers, Printers, Scanners",
522,Xerox WorkCentre 7545,"Copiers, Printers, Scanners",
523,Xerox WorkCentre 7556,"Copiers, Printers, Scanners",
524,Xerox WorkCentre 7755,"Copiers, Printers, Scanners",
525,Xerox WorkCentre 7775,"Copiers, Printers, Scanners",
526,Xerox WorkCentre 7830,"Copiers, Printers, Scanners",
527,Xerox WorkCentre 7835,"Copiers, Printers, Scanners",
528,Xerox WorkCentre 7845,"Copiers, Printers, Scanners",
529,Xerox WorkCentre 7845 w/ Booklet Maker,"Copiers, Printers, Scanners",
530,Xerox WorkCentre 7855,"Copiers, Printers, Scanners",
531,Xerox WorkCentre 7970,"Copiers, Printers, Scanners",
15,Brother TN-350,Ink & Toner,Toner
14,Brother TN-450,Ink & Toner,Toner
365,Canon 0386B003AA (GPR-22),Ink & Toner,Toner
23,Canon 0439B003AA (IPQ-2),Ink & Toner,Toner
591,Canon 1001C003AA (GPR-56) Yellow Toner Cartridge,Ink & Toner,Toner
24,Canon 2789B003AA (GPR-30),Ink & Toner,Toner
26,Canon 2791B003AA (GPR-32),Ink & Toner,Toner
347,Canon 2792B003AA (GPR-33),Ink & Toner,Toner
348,Canon 2793B003AC (GPR-30),Ink & Toner,Toner
349,Canon 2794B003AC (GPR-31),Ink & Toner,Toner
350,Canon 2795B003AA (GPR-32),Ink & Toner,Toner
351,Canon 2796B003AA (GPR-33),Ink & Toner,Toner
352,Canon 2797B003AC (GPR-30),Ink & Toner,Toner
353,Canon 2798B003AB (GPR-31),Ink & Toner,Toner
354,Canon 2799B003AA (GPR-32),Ink & Toner,Toner
355,Canon 2800B003AA (GPR-33),Ink & Toner,Toner
356,Canon 2801B003AC (GPR-30),Ink & Toner,Toner
357,Canon 2802B003AB (GPR-31),Ink & Toner,Toner
358,Canon 2804B003AA (GPR-33),Ink & Toner,Toner
359,Canon 3764B003AA (GPR-37),Ink & Toner,Toner
360,Canon 3782B003AA (GPR-36),Ink & Toner,Toner
361,Canon 3783B003AA (GPR-36),Ink & Toner,Toner
362,Canon 3784B003AA (GPR-36),Ink & Toner,Toner
363,Canon 3785B003AA (GPR-36),Ink & Toner,Toner
364,Canon 6622B001AA (PFI-106C),Ink & Toner,Ink
46,Canon 6647A003AA (GPR-6),Ink & Toner,Toner
48,Canon 9634A003AA (GPR-16),Ink & Toner,Toner
50,Canon GPR-30 Complete Toner Cartridge Set B/C/M/Y,Ink & Toner,Toner
366,Canon GPR-31 Complete Toner Cartridge Set B/C/M/Y,Ink & Toner,Toner
52,Canon GPR-32 Toner Cartridge Set B/C/M/Y,Ink & Toner,Toner
53,Canon GPR-33 Toner Cartridge Set B/C/M/Y,Ink & Toner,Toner
54,Canon GPR-36 Toner Cartridge Set B/C/M/Y,Ink & Toner,Toner
595,"Canon GPR-56 Complete Toner Set Yellow, Magenta, Cyan, Black",Ink & Toner,Toner
600,Canon GPR-58 Complete Toner Cartridge Set (GPR58),Ink & Toner,Toner
594,Genuine Canon 0998C003AA (GPR-56) Black Toner Cartridge,Ink & Toner,Toner
592,Genuine Canon 0999C003AA (GPR-56) Cyan Toner Cartridge,Ink & Toner,Toner
593,Genuine Canon 1000C003AA (GPR-56) Magenta Toner Cartridge,Ink & Toner,Toner
599,Genuine Canon 2182C003AA (GPR-58) Black Toner Cartridge,Ink & Toner,Toner
597,Genuine Canon 2183C003AA (GPR-58) Cyan Toner Cartridge,Ink & Toner,Toner
598,Genuine Canon 2184C003AA (GPR-58) Magenta Toner Cartridge,Ink & Toner,Toner
596,Genuine Canon 2185C003AA (GPR-58) Yellow Toner Cartridge GPR58,Ink & Toner,Toner
589,Genuine Canon 3766B003 (GPR-38) Black Toner Cartridge,Ink & Toner,Toner
590,Genuine Canon GPR-57 (0473C003) Black Toner Cartridge,Ink & Toner,Toner
585,Genuine Ricoh 842282 (IM C6000) Cyan Toner Cartridge,Ink & Toner,Toner
97,"HP 05A, CE505A",Ink & Toner,Toner
60,"HP 124A, Q6000A",Ink & Toner,Toner
104,"HP 124A, Q6003A",Ink & Toner,Toner
94,"HP 125A, CB540A",Ink & Toner,Toner
370,"HP 12A, Q2612A",Ink & Toner,Toner
63,"HP 131A, CF210A",Ink & Toner,Toner
101,"HP 13A, Q2613A",Ink & Toner,Toner
85,"HP 15A, C7115A",Ink & Toner,Toner
368,HP 304A Complete Toner Cartridge Set  B/C/M/Y,Ink & Toner,Toner
68,"HP 304A, CC530A",Ink & Toner,Toner
69,"HP 304A, CC531A",Ink & Toner,Toner
71,"HP 304A, CC532A",Ink & Toner,Toner
70,"HP 304A, CC533A",Ink & Toner,Toner
369,HP 305A Complete Toner Cartridge Set,Ink & Toner,Toner
75,"HP 305A, CE410A",Ink & Toner,Toner
72,"HP 305A, CE411A",Ink & Toner,Toner
73,"HP 305A, CE412A",Ink & Toner,Toner
96,"HP 305A, CE413A",Ink & Toner,Toner
93,"HP 36A, CB436A",Ink & Toner,Toner
102,"HP 42A, Q5942A",Ink & Toner,Toner
103,"HP 49A , Q5949A",Ink & Toner,Toner
105,"HP 51A, Q7551A",Ink & Toner,Toner
87,"HP 641A, C9720A",Ink & Toner,Toner
76,"HP 641A, C9721A",Ink & Toner,Toner
77,"HP 641A, C9722A",Ink & Toner,Toner
88,"HP 641A, C9723A",Ink & Toner,Toner
89,"HP 645A, C9730A",Ink & Toner,Toner
90,"HP 645A, C9731A",Ink & Toner,Toner
78,"HP 645A, C9732A",Ink & Toner,Toner
91,"HP 645A, C9733A",Ink & Toner,Toner
99,"HP 74A, 92274A",Ink & Toner,Toner
79,"HP 78A, CE287A",Ink & Toner,Toner
98,"HP 80A, CF280A",Ink & Toner,Toner
92,"HP 824A, CB381A",Ink & Toner,Toner
80,"HP 824A, CB382A",Ink & Toner,Toner
84,"HP 82X, C4182X",Ink & Toner,Toner
61,"HP 85A, CE285A",Ink & Toner,Toner
82,"HP 92A, C4092A",Ink & Toner,Toner
83,"HP 96A, C4096A",Ink & Toner,Toner
81,"HP 98A, 92298A",Ink & Toner,Toner
376,"Konica 8938-505 (TN-210K, TN210K, 8938505)",Ink & Toner,Toner
371,"Konica 950246 (TN301K, 017M)",Ink & Toner,Toner
111,"Konica A04P131 (TN-610K,TN610K)",Ink & Toner,Toner
112,"Konica A04P231 (TN-610Y, TN610Y)",Ink & Toner,Toner
372,"Konica A04P331 (TN610M, TN-610M)",Ink & Toner,Toner
377,"Konica A04P431 (TN610C, TN-610C)",Ink & Toner,Toner
114,"Konica A04P600 (DV610K, DV-610K)",Ink & toner,Developer
115,"Konica A04P700 (DV610Y, DV-610Y)",Ink & toner,Developer
116,"Konica A04P800 (DV610M, DV-610M)",Ink & toner,Developer
117,"Konica A04P900 (DV610C, DV-610C)",Ink & toner,Developer
106,"Konica A070130 (TN611K, TN-611K, TN 611K)",Ink & Toner,Toner
152,"Konica A070230 (TN611Y, TN-611Y)",Ink & Toner,Toner
151,"Konica A070330 (TN-611M, TN611M)",Ink & Toner,Toner
118,"Konica A070430 (TN611C, TN-611C)",Ink & Toner,Toner
373,"Konica A0D7231 (TN314Y, TN-314Y)",Ink & Toner,Toner
144,"Konica A0D7331 (TN-314M, TN314M)",Ink & Toner,Toner
121,"Konica A0D7431 (TN314C, TN-314C)",Ink & Toner,Toner
122,"Konica A0TM130 (TN-613K, TN613K)",Ink & Toner,Toner
124,"Konica A0TM330 (TN613M, TN-613M)",Ink & Toner,Toner
125,"Konica A11G131 (TN216K, TN-216K)",Ink & Toner,Toner
378,"Konica A11G231 (TN216Y, TN-616Y)",Ink & Toner,Toner
127,Konica A11G330 (TN319M; TN-319M),Ink & Toner,Toner
128,"Konica A11G331 (TN216M, TN-216M)",Ink & Toner,Toner
154,Konica A162-WY1 (WX-101),Ink & Toner,Waste Containers
149,"Konica A1DY130 (TN615K, TN-615K)",Ink & Toner,Toner
130,"Konica A1DY230 (TN615Y, TN-615Y)",Ink & Toner,Toner
131,"Konica A1DY330 (TN615M, TN-615M)",Ink & Toner,Toner
132,"Konica A1DY430 (TN615C, TN-615C)",Ink & Toner,Toner
145,"Konica A1U9130 (TN616K, TN-616K)",Ink & Toner,Toner
374,"Konica A1U9230 (TN616Y, TN-616Y)",Ink & Toner,Toner
148,"Konica A1U9333 (TN616M, TN-616M)",Ink & Toner,Toner
375,"Konica A1U9433 (TN616C, TN-616C)",Ink & Toner,Toner
136,"Konica A33K030 (TN-322, TN322)",Ink & Toner,Toner
137,"Konica A33K132 (TN-512K, TN512K)",Ink & Toner,Toner
138,"Konica A33K230 (TN321Y, TN-321Y)",Ink & Toner,Toner
139,"Konica A33K330 (TN-321M, TN321M)",Ink & Toner,Toner
140,"Konica A33K430 (TN-321C, TN321C)",Ink & Toner,Toner
141,"Konica A3VU030 (TN-712K, TN712)",Ink & Toner,Toner
107,"Konica A3VU130 (TN711K, TN-711K, TN 711K)",Ink & Toner,Toner
143,"Konica A8DA130 (TN-324K, TN324K)",Ink & Toner,Toner
108,"Konica A8H5031 (TN-912, TN912)",Ink & Toner,Toner
109,"Konica A8K3230 (TN221Y, TN-221Y)",Ink & Toner,Toner
123,"Konica Minolta A0TM230 (TN613Y, TN-613Y, TN 613Y)",Ink & Toner,Toner
166,Kyocera TK-332 (1T02GA0US0),Ink & Toner,Toner
155,Kyocera TK-522C (1T02HJCUS0),Ink & Toner,Toner
156,Kyocera TK-522K (1T02HM0US0),Ink & Toner,Toner
157,Kyocera TK-522M (1T02HJBUS0),Ink & Toner,Toner
158,Kyocera TK-522Y (1T02HJAUS0),Ink & Toner,Toner
167,Kyocera TK-542Y (1T02HLAUS0),Ink & Toner,Toner
159,Kyocera TK-592C (1T02KVCUS0),Ink & Toner,Toner
160,Kyocera TK-592K (1T02KV0US0),Ink & Toner,Toner
161,Kyocera TK-592M (1T02KVBUS0),Ink & Toner,Toner
162,Kyocera TK-592Y (1T02KVAUS0),Ink & Toner,Toner
163,Kyocera TK-867Y (1T02JZAUS0),Ink & Toner,Toner
164,Kyocera TK-897C (1T02K0CUS0),Ink & Toner,Toner
169,Lexmark C748H1CG,Ink & Toner,Toner
213,Toshiba T-FC30U-M (TFC30UM),Ink & Toner,Toner
586,New Genuine Ricoh 842279 (IM C6000) Black Toner Cartridge,Ink & Toner,Toner
588,New Genuine Ricoh 842280 (IM C6000) Yellow Toner Cartridge,Ink & Toner,Toner
587,New Genuine Ricoh 842281 (IM C6000) Magenta Toner Cartridge,Ink & Toner,Toner
212,Toshiba T-FC30U-C (TFC30UC),Ink & Toner,Toner
562,Orginal Canon 8517B003AA (GPR-51C),Ink & Toner,Toner
563,Orginal Canon 8518B003AA (GPR-51M),Ink & Toner,Toner
581,Original  HP 61A (C8061A),Ink & Toner,Toner
543,Original  HP 90XC (CE390XC),Ink & Toner,Toner
569,Original Canon 0481C003AA (GPR-55K),Ink & Toner,Toner
570,Original Canon 0482C003AA (GPR-55C),Ink & Toner,Toner
571,Original Canon 0483C003AA (GPR-55M),Ink & Toner,Toner
572,Original Canon 0484C003AA (GPR-55Y),Ink & Toner,Toner
346,Original Canon 2790B003AB (GPR-31),Ink & Toner,Toner
561,Original Canon 8516B003AA (GPR-51K),Ink & Toner,Toner
564,Original Canon 8519B003AA (GPR-51Y),Ink & Toner,Toner
565,Original Canon 8524B003AA (GPR-53K),Ink & Toner,Toner
566,Original Canon 8525B003AA (GPR-53C),Ink & Toner,Toner
567,Original Canon 8526B003AA(GPR-53M),Ink & Toner,Toner
568,Original Canon 8527B003AA (GPR-53Y),Ink & Toner,Toner
582,Original HP 124A (Q6001A),Ink & Toner,Toner
583,Original Hp 124A (Q6002A),Ink & Toner,Toner
560,Original Konica Minolta A33K130 (TN-321K),Ink & Toner,Toner
550,Original Konica Minolta A33K232 (TN-512Y),Ink & Toner,Toner
551,Original Konica Minolta A33K332 (TN-512M),Ink & Toner,Toner
552,Original Konica Minolta A33K432 (TN-512C),Ink & Toner,Toner
545,Original Konica Minolta A5E7130 (TN-622K),Ink & Toner,Toner
547,Original Konica Minolta A5E7230 (TN-622Y),Ink & Toner,Toner
548,Original Konica Minolta A5E7330 (TN-622M),Ink & Toner,Toner
549,Original Konica Minolta A5E7430 (TN-622C),Ink & Toner,Toner
557,Original Konica Minolta A8DA230 (TN-324Y),Ink & Toner,Toner
558,Original Konica Minolta A8DA330 (TN-324M),Ink & Toner,Toner
559,Original Konica Minolta A8DA430 (TN-324C),Ink & Toner,Toner
553,Original Konica Minolta A9E8130 (TN-514K),Ink & Toner,Toner
554,Original Konica Minolta A9E8230 (TN-514Y),Ink & Toner,Toner
555,Original Konica Minolta A9E8330 (TN-514M),Ink & Toner,Toner
556,Original Konica Minolta A9E8430 (TN-514C),Ink & Toner,Toner
577,Original Ricoh 828380 (C9100K),Ink & Toner,Toner
578,Original Ricoh 828381 (C9100Y),Ink & Toner,Toner
579,Original Ricoh 828382 (C9100M),Ink & Toner,Toner
580,Original Ricoh 828383 (C9100C),Ink & Toner,Toner
573,Original Ricoh 828384 (C7100K),Ink & Toner,Toner
574,Original Ricoh 828385 (C7100Y),Ink & Toner,Toner
575,Original Ricoh 828386 (C7100M),Ink & Toner,Toner
576,Original Ricoh 828387 (C7100C),Ink & Toner,Toner
544,Original Ricoh 841452(841452),Ink & Toner,Toner
546,Original Ricoh 841586(841586),Ink & Toner,Toner
537,Original Xerox 006R01375 (6R1375),Ink & Toner,Toner
538,Original Xerox 006R01378,Ink & Toner,Toner
539,Original Xerox 006R01525,Ink & Toner,Toner
540,Original Xerox 006R01526,Ink & Toner,Toner
541,Original Xerox 006R01527,Ink & Toner,Toner
542,Original Xerox 006R01528,Ink & Toner,Toner
176,Ricoh 821105 (SP C430A),Ink & Toner,Toner
177,Ricoh 821106 (SP C430A),Ink & Toner,Toner
178,Ricoh 828089,Ink & Toner,Toner
179,Ricoh 828090,Ink & Toner,Toner
181,Ricoh 841337 (Type 2120D),Ink & Toner,Toner
182,Ricoh 841346 (Type MP4500A),Ink & Toner,Toner
183,Ricoh 841357,Ink & Toner,Toner
185,Ricoh 841358,Ink & Toner,Toner
186,Ricoh 841359,Ink & Toner,Toner
187,Ricoh 841360,Ink & Toner,Toner
188,Ricoh 841453,Ink & Toner,Toner
189,Ricoh 841454,Ink & Toner,Toner
190,Ricoh 841455,Ink & Toner,Toner
193,Ricoh 841503,Ink & Toner,Toner
194,Ricoh 841582,Ink & Toner,Toner
195,Ricoh 841718,Ink & Toner,Toner
196,Ricoh 841849,Ink & Toner,Toner
198,Ricoh 841850,Ink & Toner,Toner
199,Ricoh 841851,Ink & Toner,Toner
200,Ricoh 841852,Ink & Toner,Toner
184,Ricoh Type C7501/C9075/LD375C Toner Cartridge Set,Ink & Toner,Toner
197,Ricoh Type MP C6003 Toner Cartridge Set B/M/Y/C,Ink & Toner,Toner
205,Sharp MX-270HB (CYOK-0060DS52),Ink & Toner,Waste Containers
206,Sharp MX-500NT (MX500NT),Ink & Toner,Toner
379,Sharp MX-51NT-BA (MX51NTBA),Ink & Toner,Toner
202,Sharp MX-51NT-CA (MX51NTCA),Ink & Toner,Toner
203,Sharp MX-51NT-MA (MX51NTMA),Ink & Toner,Toner
204,Sharp MX-51NT-YA (MX51NTYA),Ink & Toner,Toner
208,Sharp MX-B42NT1 (MXB42NT1),Ink & Toner,Toner
211,Toshiba T-FC25-Y (TFC25Y),Ink & Toner,Toner
210,Toshiba T-FC25-M (TFC25M),Ink & Toner,Toner
209,Toshiba T-FC25-C (TFC25C),Ink & Toner,Toner
221,Toshiba T-8560U (T8560),Ink & Toner,Toner
220,Toshiba T-4590U (T4590),Ink & Toner,Toner
219,Toshiba T-4530 (T4530),Ink & Toner,Toner
584,Lexmark T650H11A,Ink & Toner,Toner
172,Oc√© 1060032342,Ink & Toner,Toner
207,MX-B40HB (CBOX-0183FC34),Ink & Toner,Waste Containers
226,Xerox 006R00206 (6R206),Ink & Toner,Toner
229,"Xerox 006R01155, 6R1155 (M24)",Ink & Toner,Toner
232,Xerox 006R01175 (6R1175),Ink & Toner,Toner
233,Xerox 006R01176 (6R1176),Ink & Toner,Toner
234,Xerox 006R01177 (6R1177),Ink & Toner,Toner
235,Xerox 006R01178 (6R1178),Ink & Toner,Toner
236,Xerox 006R01219 (6R1219),Ink & Toner,Toner
237,Xerox 006R01222 (6R1222),Ink & Toner,Toner
222,Xerox 006R01261 (6R1261),Ink & Toner,Toner
238,Xerox 006R01300 (6R1300),Ink & Toner,Toner
239,Xerox 006R01301 (6R1301),Ink & Toner,Toner
240,Xerox 006R01302 (6R1302),Ink & Toner,Toner
241,Xerox 006R01303 (6R1303),Ink & Toner,Toner
243,Xerox 006R01376 (6R1376),Ink & Toner,Toner
244,Xerox 006R01377 (6R1377),Ink & Toner,Toner
247,Xerox 006R01383 (6R1383),Ink & Toner,Toner
248,Xerox 006R01384 (6R1384),Ink & Toner,Toner
249,Xerox 006R01385 (6R1385),Ink & Toner,Toner
250,Xerox 006R01386 (6R1386),Ink & Toner,Toner
251,Xerox 006R01453 (6R1453),Ink & Toner,Toner
252,Xerox 006R01454 (6R1454),Ink & Toner,Toner
253,Xerox 006R01455 (6R1455),Ink & Toner,Toner
254,Xerox 006R01470 (6R1470),Ink & Toner,Toner
255,Xerox 006R01471 (6R1471),Ink & Toner,Toner
256,Xerox 006R01472 (6R1472),Ink & Toner,Toner
257,Xerox 006R01473 (6R1473),Ink & Toner,Toner
258,Xerox 006R01513 (6R1513),Ink & Toner,Toner
259,Xerox 006R01514 (6R1514),Ink & Toner,Toner
260,Xerox 006R01515 (6R1515),Ink & Toner,Toner
261,Xerox 006R01516 (6R1516),Ink & Toner,Toner
262,Xerox 006R01517 (6R1517),Ink & Toner,Toner
263,Xerox 006R01518 (6R1518),Ink & Toner,Toner
264,Xerox 006R01519 (6R1519),Ink & Toner,Toner
265,Xerox 006R01520 (6R1520),Ink & Toner,Toner
266,Xerox 006R01552 (6R1552),Ink & Toner,Toner
267,Xerox 006R01561 (6R1561),Ink & Toner,Toner
268,Xerox 006R01583 (6R1583),Ink & Toner,Toner
269,Xerox 006R01638 (6R1638),Ink & Toner,Toner
278,Xerox 008R12990 (8R12990),Ink & Toner,Waste Containers
279,Xerox 008R13036 (8R13036),Ink & Toner,Waste Containers
281,Xerox 008R13061 (8R13061),Ink & Toner,Waste Containers
301,Xerox 106R01371 (106R1371),Ink & Toner,Toner
303,Xerox 106R02242 (106R2242),Ink & Toner,Toner
304,Xerox 106R02626 (106R2626),Ink & Toner,Toner
305,Xerox 106R02731 (106R2731),Ink & Toner,Toner
608,Xerox 106R02744 (WC6655) Cyan High Capacity Toner Cartridge,Ink & Toner,Toner
612,"Xerox 106R02744, 106R02745, 106R02746, 106R02747 SET  Yellow, Magenta, Cyan, Black  High Capacity Toner Cartridge for use in(WC6655)( 6655i)",Ink & Toner,Toner
609,Xerox 106R02745 (WC6655) Magenta High Capacity Toner Cartridge,Ink & Toner,Toner
610,Xerox 106R02746 (WC6655) Yellow High Capacity Toner Cartridge,Ink & Toner,Toner
611,Xerox 106R02747 (WC6655) Black High Capacity Toner Cartridge,Ink & Toner,Toner
308,Xerox 106R03479 (106R3479),Ink & Toner,Toner
309,Xerox 106R03480 (106R3480),Ink & Toner,Toner
314,Xerox 108R00795 (108R795),Ink & Toner,Toner
315,Xerox 108R00833 (108R833),Ink & Toner,Ink
316,Xerox 108R00834 (108R834),Ink & Toner,Ink
317,Xerox 108R00835 (108R835),Ink & Toner,Ink
318,Xerox 108R00836 (108R836),Ink & Toner,Ink
382,"Xerox Black 006R01219, Cyan 006R01222, Magenta 006R01221, Yellow 006R01220 Toner Cartridge Set",Ink & Toner,Toner
383,"Xerox Black 006R01383, Cyan 006R01384, Magenta 006R01385, Yellow 006R01386 Toner Cartridge Set",Ink & Toner,Toner
380,"Xerox Black 006R01517, Yellow 006R01518, Magenta 006R01519, Cyan 006R01520 Toner Cartridge Set",Ink & Toner,Toner
227,"Xerox R1, 006R01046 (6R1046)",Ink & Toner,Toner
228,"Xerox R1, 006R01146 (6R1146)",Ink & Toner,Toner
331,"Xerox Toner Set 006R01517, 006R01518, 006R01519, 006R01520 for Workcentre 7545, 7535, 7845, 7556",Ink & Toner,Toner
434,"Xerox Toner Set 006R01517, 006R01518, 006R01519, 006R01520 for Workcentre 7545, 7535, 7845, 7556",Ink & Toner,Toner
47,Canon 6707A001AC (Staple-J1),Ink & Toner,Printer Parts
613,"Genuine Lexmark Fuser Unit, 40X5854 (40X4418) for Lexmark T650, T652, T654.",Ink & Toner,Printer Parts
438,HP Color LaserJet M553,Printers,
150,Konica 14YH (SK601),Ink & Toner,Printer Parts
135,"Konica A2VG0Y0 (DU-104, DU104, DU 104)",Ink & Toner,Printer Drums
532,"Konica Minolta Bizhub PRO 1100, PM Kit 900K",Ink & Toner,Printer Parts
614,New Xerox 013R00671 (13R671) Black Drum,Ink & Toner,Printer Drums
175,Ricoh 406686,Ink & Toner,Printer Parts
458,Ricoh MP C7501,Printers,
294,Xerox 013R00650 (13R650),Ink & Toner,Printer Parts
325,Xerox 013R00655 (13R655),Ink & Toner,Printer Drums
463,Xerox 1000i,Printers,
313,Xerox 108R00493 (108R493),Ink & Toner,Printer Parts
324,Xerox 675K72181 (675K72180),Ink & Toner,Printer Drums
326,xerox 700 colour drum cartridge,Ink & Toner,Printer Drums
485,Xerox Phaser 3260,Printers,
486,Xerox Phaser 3320,Printers,
487,Xerox Phaser 3610,Printers,
489,Xerox Phaser 5550,Printers,
490,Xerox Phaser 6500,Printers,
491,Xerox Phaser 6600,Printers,
492,Xerox Phaser 7100,Printers,
493,Xerox Phaser 7800,Printers,
501,Xerox Versant 2100,Printers,
502,Xerox Versant 80,Printers,
436,Canon ImageRUNNER C5540i,"Printers, Scanners",
484,Xerox Duplex DocuMate 3640,Scanners,